,user
0,Daleksey
1,Rai220
2,Dasdy
3,m31
4,yursha
5,evgeniimakarov
6,1anisim
7,bvn13
8,SmartEngines
9,DataArt
10,entony
11,htn
12,ABBYYTeam
13,slavikse
14,izakharkin
15,msgeek
16,tEarth
17,m1rko
18,Syurmakov
19,Dasdy
20,nvpushkarskiy2
21,shulyndina
22,Dasdy
23,sergeevii123
24,bsoo
25,MaxRokatansky
26,tEarth
27,Shnurre
28,andrewbo29
29,Andre1540
30,vomar
31,msgeek
32,dim2r
33,Bulanov
34,androude
35,masterdak
36,info_habr
37,Bulanov
38,m1rko
39,elenaLep
40,ru_vds
41,ph_piter
42,buriy
43,comratvlad
44,androude
45,Grigoriy_Alekseev
46,Tyiler
47,Barrayar
48,Cloud4Y
49,gureva_geo
50,shulyndina
51,yaheads
52,ilk1n
53,tormozedison
54,flacoshinobi
55,LukaSafonov
56,olepav
57,OShapovalov
58,nidalee
59,Kamil_Safin
60,catamoron
61,Grigoriy_Alekseev
62,dmitrybugaychenko
63,m31
64,Bulanov
65,nvpushkarskiy2
66,flashberry
67,ITSumma
68,SLY_G
69,Yurec666
70,Christina29
71,szobin
72,fantast8
73,OlNikki
74,alexandersadykov
75,sergeevii123
76,ivan_bragin
77,vladbalv
78,Leono
79,szobin
80,vkomen
81,erarkh
82,m1rko
83,klakhman
84,m1rko
85,ZlodeiBaal
86,shulyndina
87,shulyndina
88,rampeer
89,ServPonomarev
90,SmartEngines
91,m1rko
92,ph_piter
93,sahsAGU
94,avobayraray
95,Dudorovsergey
96,randall
97,SemyonSinchenko
98,m1rko
99,anokhinn
100,atsareva
101,ogurtsov
102,inforion_ru
103,Masha_IT
104,Leono
105,alizar
106,alizar
107,DigitalSkynet
108,SLY_G
109,snipsnap
110,avhizis
111,SLY_G
112,m1rko
113,Dokudovskaia
114,SAP
115,a0kuritcyna
116,ArgentumWalker
117,alizar
118,pavel_kalaidin
119,SLY_G
120,ph_piter
121,Leono
122,MaxRokatansky
123,FeeAR
124,SLY_G
125,ErmIg
126,SSul
127,sahsAGU
128,Christina29
129,MaxRokatansky
130,NIX_Solutions
131,OstroumovAnton
132,pro100olga
133,Alex_Donchuk
134,alex_minochkina
135,SunZi
136,tonysky
137,apelsyn
138,MaxRokatansky
139,digitalsibur
140,dmitrybugaychenko
141,a-pichugin
142,Dokudovskaia
143,fildub
144,niklyaev
145,vplanto
146,YuryVatlin
147,iphysic
148,SunZi
149,sahsAGU
150,MikhailSA
151,m31
152,xeonvs
153,Mistx
154,shulyndina
155,NIX_Solutions
156,RetailRocket
157,dmitrievanthony
158,Leono
159,alizar
160,roboqueer
161,karay
162,arborisov
163,likegroof
164,m1rko
165,yojik_lopoldovich
166,Nicknameless
167,LampLampov
168,greenwo1f
169,Arseny_Info
170,stanislav_as
171,shokannn
172,nicksmirn
173,Masha_IT
174,StanSemenoff
175,mefrill
176,devpony
177,Leono
178,shokannn
179,Yermack
180,bibiw_one
181,DesertFlow
182,MabajanMabajanovich
183,DolotovEvgeniy
184,arttom
185,Yermack
186,entony
187,0xUL
188,Account_is_busy
189,mamkin_ITshnik
190,KarinaErzina
191,Olga_ol
192,ChePeter
193,Yermack
194,kate_artamonova
195,stanislav_as
196,AndyKy
197,Stantin
198,ykaland
199,gubanovpa
200,gubanovpa
201,dmitrybugaychenko
202,YuraDorn
203,pavel_smolnikov
204,Alexey_mosc
205,sannikovdmitry
206,Platonic
207,temkahap
208,temkahap
209,ChePeter
210,SmartEngines
211,StanSemenoff
212,sadfun
213,AlekseyZhuravlev
214,sim0nsays
215,Platonic
216,Dudorovsergey
217,YuriPanchul
218,pavel_smolnikov
219,elebedevwork
220,dmitrybugaychenko
221,fediq
222,gosha20777
223,Leono
224,ChePeter
225,Sciberia
226,garastard
227,digitalsibur
228,ph_piter
229,Kostya_Klyuch
230,sahsAGU
231,Barrayar
232,kirillskiy
233,y_agafonov
234,m1rko
235,palexisru
236,Alyoshka1976
237,Leono
238,dkurt
239,pavel_smolnikov
240,Porfus
241,alizar
242,malyshevasasha
243,Dudorovsergey
244,apelsyn
245,Shnurre
246,crazybrake
247,m31
248,Masha_IT
249,Canon_for_business
250,Account_is_busy
251,DesertFlow
252,SergeyMarin
253,DesertFlow
254,Izayda
255,sahsAGU
256,max8m
257,andreyiq
258,BeloborodovDS
259,NapoleonIT
260,vldF
261,Alexey_mosc
262,NIX_Solutions
263,m1rko
264,ascrus
265,Lizzzza
266,redmadrobot
267,Distem
268,alizar
269,ROI4CIO
270,m1rko
271,alizar
272,ximik666
273,Neurohive
274,enidcoleslaw
275,m1rko
276,alizar
277,alizar
278,miksaz
279,SLY_G
280,Dreamastiy
281,Plarium
282,Artgor
283,alizar
284,Alena_Smeshnay
285,SLY_G
286,stanislav_as
287,SergeyMarin
288,dzakhour
289,ph_piter
290,info_habr
291,SergeyMarin
292,digitman
293,egorbb
294,M00nL1ght
295,640509-040147
296,kdenisk
297,alizar
298,sahsAGU
299,alizar
300,bsekachev
301,MikhailSA
302,trehleb
303,Masha_IT
304,Dreamastiy
305,stleznev
306,alex_minochkina
307,toshiba_ru
308,Roaming
309,YuriPanchul
310,ChePeter
311,apostteriori
312,Alexey_mosc
313,sismetanin
314,ph_piter
315,arbochkarev
316,sahsAGU
317,robofreak
318,Masha_IT
319,nottsk
320,sahsAGU
321,jamset
322,kirtsar
323,AndreyGaskov
324,m1rko
325,YuriPanchul
326,sahsAGU
327,Pochtoycom
328,m1rko
329,MaxRokatansky
330,digitalsibur
331,pagin
332,sannikovdmitry
333,SmartEngines
334,aalekseytsev
335,olegchir
336,Neurohive
337,YuraDorn
338,m1rko
339,Plarium
340,vkantor
341,alizar
342,andrewbo29
343,Scitator
344,elena_newprolab
345,arttom
346,MaxRokatansky
347,PlayItToDeath
348,Elisabet-89
349,andrewbo29
350,saul
351,NIX_Solutions
352,truecoder34
353,JetHabr
354,nikitos18
355,ru_vds
356,1appleapple0
357,Leono
358,X5RetailGroup
359,NikolasEnt
360,sahsAGU
361,S_A
362,Smile-Events
363,saul
364,NexusST
365,MaxRokatansky
366,SLY_G
367,SergeyMarin
368,alexey_nichnikov
369,sismetanin
370,askogorev
371,AndreyMa
372,StartupNTravel
373,ph_piter
374,foto_shooter
375,Smile-Events
376,sahsAGU
377,sshmakov
378,dzakhour
379,ph_piter
380,NexusST
381,NFil
382,m1rko
383,SergeyMarin
384,m1rko
385,m1rko
386,sahsAGU
387,jehy
388,m1rko
389,m1rko
390,ilikeev
391,Leono
392,snakers4
393,deniszubenko
394,Dmytro_Kikot
395,lklabs
396,fantast8
397,Pochtoycom
398,iworeushankaonce
399,trehleb
400,Smile-Events
401,shurik2533
402,dprotopopov
403,asozykin
404,blognetology
405,paveltro
406,m1rko
407,m1rko
408,DigitalSkynet
409,m1rko
410,olegbunin
411,BarakAdama
412,m_ePayments
413,johnpateha
414,dzakhour
415,TheRussianFella
416,SAP
417,Alena_Fox_Spb
418,olegbunin
419,ivalnic
420,yurasolovjov
421,norbit
422,Leono
423,sshmakov
424,cointegrated
425,vasamarin
426,beketovavenera
427,kruegger
428,Leono
429,NIX_Solutions
430,ilikeev
431,IrmaVeoll
432,digitalsibur
433,stanislav_as
434,mixa_medved
435,medotkato
436,eyeofhell
437,Tyiler
438,sahsAGU
439,ru_vds
440,avgan
441,NIX_Solutions
442,JuliaKoroleva
443,vfdev-5
444,JetHabr
445,dimakarp1996
446,veesot
447,snakers4
448,m1rko
449,NIX_Solutions
450,evil_me
451,wirex
452,kanadez
453,BeloborodovDS
454,citizenofearth
455,veesot
456,1cloud
457,dpetrov_ml
458,sahsAGU
459,Sberbank
460,Dreamastiy
461,Degun
462,Dmytro_Kikot
463,saul
464,Safronov
465,IDFinance
466,bdmoiseev
467,startars
468,PoltoS
469,saul
470,Nepherhotep
471,FizpokPak
472,feldlime
473,morozovsk
474,saul
475,JuliaKoroleva
476,dzakhour
477,Olga_ol
478,NIX_Solutions
479,rlap28
480,arttom
481,dmitryikh
482,kucev
483,Neurohive
484,Crossover
485,burn7ng
486,Fedul
487,N01Z3
488,FelisRattus
489,yury_chekhovich
490,sofonia
491,magisterbes
492,binrey
493,Leono
494,m1rko
495,VMAtm
496,saul
497,Siarshai
498,Neurohive
499,astkristina
500,sismetanin
501,phillennium
502,NIX_Solutions
503,shulyndina
504,hakey
505,Devcolibri
506,Scitator
507,Leono
508,AndreyGaskov
509,serhit
510,arturxdroid
511,dmitrybugaychenko
512,MikhailSA
513,wirex
514,EditorGIB
515,magisterbes
516,alizar
517,ryfeus
518,crazyhatter
519,FelisRattus
520,saul
521,arttom
522,Mentalitet
523,Leono
524,dmitrybugaychenko
525,prickly_u
526,f45d07
527,Distem
528,pagin
529,it_man
530,dmitrybugaychenko
531,apostteriori
532,zishnik
533,dmitrybugaychenko
534,feldlime
535,generall
536,dmitrybugaychenko
537,Crossover
538,fokus-lop
539,elena_newprolab
540,crazyhatter
541,Dmytro_Kikot
542,saul
543,MaxRokatansky
544,dmitrybugaychenko
545,alexey_nichnikov
546,Leono
547,Komesk
548,SLY_G
549,pagin
550,mary_arti
551,JetHabr
552,VTB
553,Devcolibri
554,greenwo1f
555,JuliaKoroleva
556,pantlmn
557,kanadez
558,Audioman
559,alexey_nichnikov
560,vedeninI980
561,Digital_Design
562,achertok
563,alexey_nichnikov
564,kirdin
565,ValeriaKhokha
566,apostteriori
567,Serenevenkiy
568,Crossover
569,Sunny_Space
570,elena_newprolab
571,MaxRokatansky
572,sahsAGU
573,dzavalishin
574,alizar
575,alizar
576,sahsAGU
577,sergeif
578,lewoniewski
579,randall
580,ZlodeiBaal
581,b0noII
582,rrulin
583,alextheraven
584,sahsAGU
585,saul
586,Rita_Kuznetsova
587,kalisto21
588,NIX_Solutions
589,sayuri
590,VTB
591,fediq
592,itmo
593,Audioman
594,fartuk
595,mngr
596,YuriPanchul
597,devpony
598,arttom
599,kirillkosolapov
600,MoZZes
601,MicroSDA
602,SAP
603,nanton
604,DSBTeam
605,murzina_a
606,echasnovski
607,kirillkosolapov
608,rbs95
609,backmeupplz
610,NIX_Solutions
611,AndreyGaskov
612,kirillkosolapov
613,dchasovskoy
614,JetHabr
615,dvorkjoker
616,Belyaev_Al
617,Alik_Kirillovich
618,ICLServices
619,SAP
620,m1rko
621,alextheraven
622,Ovirin
623,phillennium
624,sahsAGU
625,ashagraev
626,JetHabr
627,SergeyMarin
628,sannikovdmitry
629,saul
630,Leono
631,roryorangepants
632,KonstantinKG
633,Siarshai
634,sebres
635,dv1555
636,krylovoi
637,morozovsk
638,artiom_n
639,Errat1c
640,vikto9494
641,sahsAGU
642,sim0nsays
643,artiom_n
644,alizar
645,MaxRokatansky
646,N01Z3
647,saul
648,alextokarev
649,Pochtoycom
650,malkovsky
651,m1rko
652,snakers4
653,alizar
654,shulyndina
655,JetHabr
656,ph_piter
657,petuhoff
658,kucev
659,yury_chekhovich
660,dmitrybugaychenko
661,alextokarev
662,hippus
663,NIX_Solutions
664,BeloborodovDS
665,sahsAGU
666,Vasyutka
667,NABIRIY
668,Leono
669,trojan03
670,leszla
671,it_man
672,Ovirin
673,ICLServices
674,cointegrated
675,a-pichugin
676,MagisterLudi
677,Fulgur
678,ashagraev
679,McKenzy
680,kpetrov
681,Elisabet-89
682,AlexSerbul
683,ICLServices
684,andrewbo29
685,saul
686,SunZi
687,Distem
688,sahsAGU
689,Kwent
690,kirillkosolapov
691,burn7ng
692,Spoilt333
693,Dju
694,MagisterLudi
695,dmitrybugaychenko
696,alizar
697,olezhkapetrov
698,blognetology
699,saul
700,Fedor11111
701,art_pro
702,stasus
703,saul
704,rserge
705,slutsker
706,MagisterLudi
707,avgaydashenko
708,ogurtsov
709,Roman_Kh
710,saul
711,Spoilt333
712,Rebryk
713,a-pichugin
714,astromid
715,ph_piter
716,blognetology
717,m1rko
718,Rebryk
719,AGrin
720,MagisterLudi
721,m1rko
722,Leono
723,rstrekalov
724,ankopartizanka
725,apostteriori
726,De11
727,MagisterLudi
728,Mahpella
729,MagisterLudi
730,Roaming
731,MagisterLudi
732,yury_chekhovich
733,zapolnoch
734,sahsAGU
735,mkot
736,Rebryk
737,Alf162
738,NIX_Solutions
739,vvsotnikov
740,snakers4
741,galinawri
742,Oldtuna
743,apostteriori
744,inforion_ru
745,McKenzy
746,onetruecolor
747,Barrayar
748,it_man
749,alextheraven
750,IDFinance
751,Monnoroch
752,BarakAdama
753,losfer
754,MagisterLudi
755,madrugado
756,AGrin
757,yorko
758,sahsAGU
759,e_finkel
760,VTB
761,roryorangepants
762,losfer
763,SanDark7
764,yorko
765,Stefanio
766,a-pichugin
767,ChePeter
768,b0noII
769,MagisterLudi
770,ChePeter
771,Sberbank
772,raidixteam
773,yorko
774,MaximKovalev
775,olegchir
776,Trevil
777,sahsAGU
778,MagisterLudi
779,yurybaramykov
780,sahsAGU
781,bigdhost
782,Siarshai
783,Leono
784,MagisterLudi
785,YuliyaCl
786,smile_artem
787,MagisterLudi
788,MagisterLudi
789,Trevil
790,albu
791,MagisterLudi
792,ph_piter
793,Danov
794,IgorLevin
795,sahsAGU
796,M00nL1ght
797,MagisterLudi
798,a-pichugin
799,SYSTEM_FAILURE
800,sergeypid
801,NIX_Solutions
802,Sklert
803,PatientZero
804,alexeykurov
805,evgri
806,kirillkosolapov
807,AGrin
808,sahsAGU
809,GDExpert
810,alexanderkuk
811,AGrin
812,readysteady
813,abarkov
814,perevalov_a
815,Leono
816,alatobol
817,itmo
818,MaxRokatansky
819,jandevel
820,bibilov
821,a-pichugin
822,NIX_Solutions
823,sereje4kin
824,sahsAGU
825,IgorLevin
826,Leono
827,ph_piter
828,aragaer
829,m1rko
830,Siarshai
831,it_man
832,kirillkosolapov
833,DataArt
834,m1rko
835,DavidTalbot
836,m1rko
837,MagisterLudi
838,aragaer
839,m1rko
840,YuriPanchul
841,Sberbank
842,sahsAGU
843,iggisv9t
844,radiolok
845,Leono
846,Raiffeisenbank
847,sahsAGU
848,altolstikov
849,a-pichugin
850,onetruecolor
851,sahsAGU
852,cointegrated
853,Roaming
854,sahsAGU
855,snakers4
856,grachikova
857,Safronov
858,saul
859,osanwe
860,ZoyaCherkasova
861,cat_power
862,Sberbank
863,snakers4
864,Tiberius
865,grachikova
866,AloneCoder
867,searchag
868,Dumbris
869,Monnoroch
870,HybridTech
871,HybridTech
872,olegchir
873,sahsAGU
874,Tlaskaltek
875,bibilov
876,Leono
877,madrugado
878,nanton
879,grachikova
880,roryorangepants
881,sahsAGU
882,ChePeter
883,aragaer
884,zdebskiy
885,DataArt
886,bak
887,BeloborodovDS
888,lewoniewski
889,a-pichugin
890,alextheraven
891,PuzzleEnglish
892,saul
893,it_man
894,mizza
895,blognetology
896,Cloud4Y
897,rodiohabr
898,stanislav_as
899,Arhimagic
900,Developers_Relations
901,r_ii
902,sahsAGU
903,a-pichugin
904,blognetology
905,grachikova
906,Batlab
907,cointegrated
908,Dreadn0ught
909,ph_piter
910,BosonBeard
911,atepeq
912,Bizonozubr
913,sshmakov
914,m1rko
915,SmartEngines
916,SAP
917,golovasteek
918,Vasyutka
919,AloneCoder
920,befuddle
921,saul
922,varvara_const
923,Plarium
924,SAP
925,voice32
926,Wargaming
927,yorko
928,MaxRokatansky
929,m1rko
930,Olga_ol
931,befuddle
932,realize_s
933,sahsAGU
934,vps-house
935,SmartEngines
936,dm_wrike
937,Leono
938,it_man
939,born_2fuck
940,Dumbris
941,it_man
942,IgorLevin
943,snezhko
944,olferuk
945,Orest_ua
946,v_vorobey
947,sahsAGU
948,befuddle
949,IgorLevin
950,Monnoroch
951,a-pichugin
952,JustRoo
953,ashagraev
954,Vasyutka
955,1cloud
956,Alex320
957,bibilov
958,ZlodeiBaal
959,it_man
960,imalion
961,Softliner
962,SenDu
963,DataArt
964,ilsenatorov
965,JuliBerg
966,Vuguzum
967,sahsAGU
968,BosonBeard
969,vedenev
970,grachikova
971,AloneCoder
972,forcesh
973,IgorLevin
974,turegum
975,it_man
976,Roaming
977,sahsAGU
978,krubinshteyn
979,perevalov_a
980,randall
981,Schvepsss
982,digitman
983,stasus
984,OkAlexey
985,NIX_Solutions
986,PatientZero
987,ModulbankOfficial
988,Roaming
989,HomunCulus
990,evgri
991,rakhlin
992,VProv
993,ChePeter
994,IgorLevin
995,lagutolg
996,itNews
997,grachikova
998,Safronov
999,Sberbank
1000,it_man
1001,CrocodeInc
1002,Siarshai
1003,IvanKhozyainov
1004,DataArt
1005,rzykov
1006,jandevel
1007,BarakAdama
1008,SanDark7
1009,Schvepsss
1010,ogurtsov
1011,sim0nsays
1012,Ilya81
1013,phillennium
1014,PatientZero
1015,N01Z3
1016,Siarshai
1017,SmartEngines
1018,itmo
1019,Code_phobos
1020,alsion
1021,a-pichugin
1022,Dirac
1023,BosonBeard
1024,itmo
1025,a-pichugin
1026,osma
1027,IgorLevin
1028,N01Z3
1029,1cloud
1030,RomanL
1031,VASExperts
1032,johnkorn
1033,olegbunin
1034,Maria_Maria_Maria
1035,PavelMSTU
1036,ARG89
1037,sshmakov
1038,Siarshai
1039,a-pichugin
1040,Takagi
1041,crazyhatter
1042,alconost
1043,MagisterLudi
1044,Durham
1045,m1rko
1046,MagisterLudi
1047,ZlodeiBaal
1048,ph_piter
1049,BarakAdama
1050,olegchir
1051,grisme
1052,saul
1053,sshmakov
1054,IgorLevin
1055,randall
1056,BigSolarWolf
1057,a-pichugin
1058,MaxJoint
1059,roman_nasonov
1060,Durham
1061,pkruglov
1062,JetHabr
1063,Chetter2
1064,a-pichugin
1065,yurtaev
1066,matvey_travkin
1067,Otkritie
1068,akimovpro
1069,vleksin
1070,it_man
1071,varagian
1072,IgorLevin
1073,EdT
1074,Sberbank
1075,it_man
1076,vkantor
1077,temakone
1078,BosonBeard
1079,grisme
1080,elena_newprolab
1081,Sberbank
1082,1cloud
1083,onbillion
1084,sviridius
1085,akimovpro
1086,cointegrated
1087,ARG89
1088,krubinshteyn
1089,mephistopheies
1090,andrewnester
1091,Leono
1092,elena_newprolab
1093,third112
1094,BosonBeard
1095,DataArt
1096,noonv
1097,IgorLevin
1098,khud
1099,achertok
1100,telezhnaya
1101,Nick_mentat
1102,oignatenko
1103,evgri
1104,mephistopheies
1105,devpony
1106,BosonBeard
1107,shwars
1108,PatientZero
1109,qtask
1110,nikdan
1111,andrewnester
1112,khud
1113,Artgor
1114,telezhnaya
1115,meetup_vero
1116,IgorLevin
1117,a-pichugin
1118,AlexeySushkov
1119,danila_savenkov
1120,SolidMinus
1121,BarakAdama
1122,mr-pickles
1123,Kaspersky_Lab
1124,inkoziev
1125,fartuk
1126,ashagraev
1127,Leono
1128,andrewnester
1129,FUNNYDMAN
1130,noonv
1131,yorko
1132,bibilov
1133,Schvepsss
1134,IgorLevin
1135,enekrasov
1136,shayakhmetov
1137,ifilonov
1138,NIX_Solutions
1139,Stefanio
1140,atikhonov
1141,m1rko
1142,Leono
1143,b0noII
1144,m1rko
1145,Developers_Relations
1146,gaploid
1147,M00nL1ght
1148,ROING
1149,mr-pickles
1150,a-pichugin
1151,Schvepsss
1152,1cloud
1153,olegbunin
1154,andrewnester
1155,Leono
1156,Lokalise
1157,optimusqp
1158,Siarshai
1159,DanAnastasyev
1160,ashagraev
1161,Leono
1162,randall
1163,ternaus
1164,verych
1165,arrybn
1166,RollNoir
1167,a-pichugin
1168,BarakAdama
1169,quantum
1170,nau4no
1171,madrugado
1172,leszla
1173,andrewnester
1174,FUNNYDMAN
1175,Zachar_5
1176,b0noII
1177,ibm
1178,movchan74
1179,Zachar_5
1180,shulyndina
1181,maxstroy
1182,b0noII
1183,optimusqp
1184,alinatestova
1185,SanDark7
1186,sergeypid
1187,ibm
1188,dmrozov
1189,ph_piter
1190,rafinirovannoe
1191,ibm
1192,andrewnester
1193,i11
1194,FUNNYDMAN
1195,iphysic
1196,ibm
1197,iphysic
1198,itmo
1199,m1rko
1200,SmirkinDA
1201,iphysic
1202,Softliner
1203,iphysic
1204,AlexSerbul
1205,iphysic
1206,iphysic
1207,Schvepsss
1208,wunder_editor
1209,wol4aravio
1210,stasus
1211,meetup_vero
1212,telezhnaya
1213,andrewnester
1214,Oldtuna
1215,sat2707
1216,it_man
1217,x_dimarus
1218,wunder_editor
1219,a-pichugin
1220,snakers4
1221,snakers4
1222,PWRMind
1223,boris_tikhomirov
1224,Sibarit
1225,sergeypid
1226,sergeypid
1227,wunder_editor
1228,madrugado
1229,SmirkinDA
1230,SAP
1231,ashagraev
1232,Schvepsss
1233,SmartEngines
1234,m1rko
1235,avsmal
1236,ibm
1237,dadalotta
1238,artemshitov
1239,Vasyutka
1240,markhor
1241,1cloud
1242,waiwnf
1243,StephanDeshevikh
1244,Olga_ol
1245,BarakAdama
1246,AndreyBaskov
1247,Schvepsss
1248,kichik
1249,xcont
1250,natekin
1251,snakers4
1252,crazyhatter
1253,rdruzyagin
1254,Schvepsss
1255,SmartEngines
1256,Seraphinianus
1257,Twelvee
1258,MaximKovalev
1259,wol4aravio
1260,HomunCulus
1261,mrsuh
1262,Leono
1263,SmirkinDA
1264,mahnunchik
1265,Degun
1266,egor_labintcev
1267,anastasiagrishina
1268,snakers4
1269,Leono
1270,SmartEngines
1271,snakers4
1272,mary_arti
1273,MonteKarlo
1274,m1rko
1275,m31
1276,nvbn
1277,a-pichugin
1278,Schvepsss
1279,Ferres
1280,romovpa
1281,m31
1282,SmirkinDA
1283,Skolopendriy
1284,m31
1285,bibilov
1286,HomunCulus
1287,VanSuede
1288,Rachnog
1289,sat2707
1290,madrugado
1291,HomunCulus
1292,itmo
1293,sat2707
1294,wunder_editor
1295,Schvepsss
1296,a-pichugin
1297,yorko
1298,Roman_Kh
1299,ins2718
1300,SmirkinDA
1301,OsipovRoman
1302,spiralis
1303,AlexeyR
1304,ARG89
1305,foto_shooter
1306,Cloud4Y
1307,agehsbarg
1308,libfun
1309,Developers_Relations
1310,ternaus
1311,KuzmaKhrabrov
1312,anastasiagrishina
1313,telezhnaya
1314,mephistopheies
1315,waiwnf
1316,kxx
1317,N01Z3
1318,SanDark7
1319,anastasiagrishina
1320,kuldiegor
1321,Arseny_Info
1322,artem_panasyuk
1323,lingvolab
1324,Milfgard
1325,korzhik
1326,LenaV
1327,ibm
1328,m1rko
1329,vradchenko
1330,m0rtido
1331,NE88
1332,it_man
1333,zviad
1334,ibm
1335,Eugene713
1336,kdenisk
1337,ServPonomarev
1338,miptgirl
1339,lingvolab
1340,anastasiagrishina
1341,tyamgin
1342,SmirkinDA
1343,Oldtuna
1344,bibilov
1345,yorko
1346,AntonioGrande
1347,sovcharenko
1348,anastasiagrishina
1349,acherednychenko
1350,BelBES
1351,m31
1352,anastasiagrishina
1353,yorko
1354,olegas5
1355,Kilorad
1356,descine
1357,a-pichugin
1358,Kilorad
1359,SmirkinDA
1360,Kilorad
1361,sim0nsays
1362,miptgirl
1363,Schvepsss
1364,ibm
1365,Leo_Gan
1366,cotique
1367,ph_piter
1368,anastasiagrishina
1369,alchemist_ua
1370,EliseeAlex
1371,Alf162
1372,ZlodeiBaal
1373,zviad
1374,kdenisk
1375,TM_content
1376,anastasiagrishina
1377,madrugado
1378,belkov_k_v
1379,vladshow
1380,1cloud
1381,mephistopheies
1382,Alf162
1383,Siarshai
1384,SmirkinDA
1385,olegas5
1386,alizar
1387,anastasiagrishina
1388,SmirkinDA
1389,zviad
1390,1cloud
1391,bredd_owen
1392,m31
1393,Rupper
1394,Arnis71
1395,ptsecurity
1396,Schvepsss
1397,yurij_volkov
1398,dmJonny
1399,IliaSafonov
1400,Leono
1401,Olga_ol
1402,1cloud
1403,AlexeyR
1404,Siarshai
1405,MaximKovalev
1406,Zachar_5
1407,sat2707
1408,mary_arti
1409,AlexeyR
1410,wunder_editor
1411,kalinin84
1412,Nuteralie
1413,itmo
1414,Schvepsss
1415,VKuznetsova
1416,anastasiagrishina
1417,devpony
1418,RollNoir
1419,omruruch
1420,alexanderskulikov
1421,Code_phobos
1422,Softliner
1423,itmo
1424,Parilo
1425,Zachar_5
1426,QtRoS
1427,falklol
1428,mnv
1429,Siarshai
1430,Zachar_5
1431,madrugado
1432,itmo
1433,viacheslavnu
1434,AlexSerbul
1435,kalinin84
1436,bibilov
1437,wunder_editor
1438,ternaus
1439,VladVin
1440,Schvepsss
1441,anastasiagrishina
1442,SmirkinDA
1443,wunder_editor
1444,BarakAdama
1445,anastasiagrishina
1446,AlexeyR
1447,m31
1448,imalion
1449,Indexator
1450,mnv
1451,Schvepsss
1452,anastasiagrishina
1453,itmo
1454,unlocker
1455,The_Freeman
1456,Jabher
1457,m31
1458,ImBoo
1459,alex4321
1460,TimKruz
1461,Leono
1462,snowman647
1463,anastasiagrishina
1464,Schvepsss
1465,CPro
1466,m31
1467,Schvepsss
1468,pustota_2009
1469,MaximKovalev
1470,Shestakov088
1471,Omrigan
1472,MagisterLudi
1473,wunder_editor
1474,Leo_Gan
1475,Leono
1476,anastasiagrishina
1477,CooperMaster
1478,AlexSerbul
1479,Nuteralie
1480,9_pm
1481,Kaspersky_Lab
1482,wunder_editor
1483,mary_arti
1484,alex4321
1485,Schvepsss
1486,anastasiagrishina
1487,ssh1
1488,wunder_editor
1489,alsafr
1490,anastasiagrishina
1491,The_Freeman
1492,xopxe
1493,FPI_Russia
1494,xopxe
1495,CooperMaster
1496,Roman_Kh
1497,Schvepsss
1498,codezombie
1499,qc-enior
1500,anastasiagrishina
1501,ZlodeiBaal
1502,markhor
1503,bibilov
1504,ZlodeiBaal
1505,ZlodeiBaal
1506,1cloud
1507,nikitos18
1508,ZlodeiBaal
1509,Drino
1510,AlexeyR
1511,Leono
1512,kdenisk
1513,mephistopheies
1514,vladshow
1515,Arnis71
1516,CPro
1517,sashaeve
1518,1cloud
1519,AlexeyR
1520,anastasiagrishina
1521,xopxe
1522,beduin01
1523,galvanom
1524,Anatoliy_Karpov
1525,anastasiagrishina
1526,klizardin
1527,anastasiagrishina
1528,qc-enior
1529,AlexeyR
1530,ZlodeiBaal
1531,kxx
1532,anastasiagrishina
1533,it_man
1534,vfdev-5
1535,AlexeyR
1536,1cbitrix
1537,ibm
1538,anastasiagrishina
1539,PayOnline
1540,BarakAdama
1541,lleo
1542,m31
1543,aylarov
1544,AlexeyR
1545,Leono
1546,Kurt
1547,freetonik
1548,AlexeyR
1549,it_man
1550,boomeer
1551,Shestakov088
1552,forcesh
1553,forcesh
1554,forcesh
1555,nProfessor
1556,pkruglov
1557,AlexeyR
1558,anastasiagrishina
1559,AlexeyR
1560,itmo
1561,lightforever2
1562,m9_psy
1563,atikhonov
1564,SmartEngines
1565,anastasiagrishina
1566,AlexeyR
1567,sebres
1568,AlexeyR
1569,Parilo
1570,OsipovRoman
1571,Shestakov088
1572,qlmv
1573,ipo
1574,aglotova
1575,cigulev
1576,urticazoku
1577,mephistopheies
1578,semfromshire
1579,qc-enior
1580,it_man
1581,m9_psy
1582,ZlodeiBaal
1583,Zalina
1584,ternaus
1585,kozyrevskaya
1586,Fontanka135
1587,sergeypid
1588,AlexSerbul
1589,m9_psy
1590,semfromshire
1591,darkk
1592,LukinB
1593,Schvepsss
1594,it_man
1595,Fontanka135
1596,qc-enior
1597,das19
1598,WinPooh73
1599,TolokaTeam
1600,Belov
1601,qc-enior
1602,freetonik
1603,komelianchuk
1604,foto_shooter
1605,sergio42
1606,AlarWhite
1607,ahriman
1608,alex4321
1609,apelsyn
1610,habit
1611,vladshow
1612,alex4321
1613,A3a
1614,Lexxo
1615,kamushken
1616,pkruglov
1617,Wordbearer
1618,shulyndina
1619,shurik2533
1620,OzzyTech
1621,obus
1622,Kirch
1623,bbchallenge
1624,megabraza
1625,sim0nsays
1626,BarakAdama
1627,nikitos18
1628,SKolotienko
1629,Durham
1630,sim0nsays
1631,itinvest
1632,RainM
1633,MagisterLudi
1634,diourinski
1635,itmo
1636,divan0
1637,it_man
1638,Vasyutka
1639,Ontaelio
1640,codezombie
1641,sim0nsays
1642,XaocCPS
1643,sim0nsays
1644,sim0nsays
1645,Laytlas
1646,Andrewaeva
1647,m31
1648,Turbo
1649,Tkachev_KV
1650,sim0nsays
1651,ph_piter
1652,bbchallenge
1653,sim0nsays
1654,forcesh
1655,1cloud
1656,Siarshai
1657,m31
1658,rocknrollnerd
1659,PavelMSTU
1660,9851754
1661,GeorgijArchipov
1662,lol_wat
1663,Durham
1664,lol_wat
1665,sim31r
1666,darikova
1667,pkruglov
1668,sim0nsays
1669,xopxe
1670,Roman_Kh
1671,ivankomarov
1672,sim0nsays
1673,Roman_Kh
1674,ivankomarov
1675,varagian
1676,Roman_Kh
1677,itmo
1678,rocknrollnerd
1679,pkruglov
1680,Nikkolo
1681,itmo
1682,darikova
1683,dprotopopov
1684,itmo
1685,Zalina
1686,9851754
1687,victor_k
1688,itmo
1689,sokol_pet
1690,kopcap_va
1691,mkot
1692,ZlodeiBaal
1693,it_man
1694,frekenbok
1695,kxx
1696,Kwent
1697,itmo
1698,1cloud
1699,SvyatoslavMC
1700,redlinelm
1701,galinaalperovich
1702,Durham
1703,Roman_Kh
1704,GeorgijArchipov
1705,rocknrollnerd
1706,dmandreev
1707,Kwent
1708,alizar
1709,ahriman
1710,jonik
1711,ZlodeiBaal
1712,ZlodeiBaal
1713,ser0t0nin
1714,fantast8
1715,e777
1716,MzMz
1717,m31
1718,Marvelmind
1719,Kurtosis
1720,tigvarts
1721,chechevatov
1722,ragequit
1723,dimview
1724,sergeypid
1725,MagisterLudi
1726,Durham
1727,imalion
1728,codezombie
1729,ABBYYTeam
1730,itinvest
1731,SLY_G
1732,pkruglov
1733,Durham
1734,SergeyMarin
1735,excoder
1736,yorko
1737,nurumaik
1738,Hebe
1739,Developers_Relations
1740,u1d
1741,Zalina
1742,1cbitrix
1743,rimsleur
1744,couatl
1745,m31
1746,goldkostya
1747,nodir
1748,1cloud
1749,oleg_bunin
1750,akrot
1751,khmelkoff
1752,Durham
1753,rimsleur
1754,ssh1
1755,1cloud
1756,1cloud
1757,nzhiltsov
1758,Valr
1759,AlexSerbul
1760,marks
1761,Kurtosis
1762,ivorobts
1763,Kurtosis
1764,Warezovvv
1765,vpuhoff
1766,it_man
1767,io_io
1768,io_io
1769,IvanLobov
1770,Jaylla
1771,io_io
1772,SmartEngines
1773,ternaus
1774,laser13
1775,GNC
1776,atikhonov
1777,Ramdeif
1778,Valr
1779,ahriman
1780,jinxu
1781,jinxu
1782,Valr
1783,iFreeTeam
1784,laser13
1785,Zalina
1786,URURU
1787,vpuhoff
1788,kfedorenko
1789,Jaylla
1790,peremen
1791,arreqe
1792,OsipovRoman
1793,XaocCPS
1794,Zalina
1795,Durham
1796,ser0t0nin
1797,1cloud
1798,OsipovRoman
1799,Zalina
1800,Dmytro_Kikot
1801,Wargaming
1802,e777
1803,Zalina
1804,Durham
1805,frodnix
1806,vovochkin
1807,itinvest
1808,Arseny_Info
1809,JuliyaErina
1810,m31
1811,Durham
1812,rocknrollnerd
1813,alex4
1814,khmelkoff
1815,Videoanalitic
1816,1cloud
1817,ahriman
1818,luciana
1819,Durham
1820,1cloud
1821,OsipovRoman
1822,Olga_Volodko
1823,khmelkoff
1824,Durham
1825,Olga_Volodko
1826,0decca
1827,WinPooh73
1828,Durham
1829,Wargaming
1830,polybook
1831,Durham
1832,ahriman
1833,Olga_Volodko
1834,OsipovRoman
1835,Dmitry21
1836,KustikovaV
1837,khmelkoff
1838,arsen_gl
1839,codezombie
1840,lamerman
1841,ahriman
1842,marks
1843,akrot
1844,akrot
1845,polybook
1846,mephistopheies
1847,alexeyev
1848,akrot
1849,moat
1850,AirbnbHabr
1851,sashaturilin
1852,polybook
1853,moat
1854,ahriman
1855,shurik2533
1856,akrot
1857,MagisterLudi
1858,moat
1859,yorko
1860,moat
1861,polybook
1862,yorko
1863,kxx
1864,elingur
1865,kxx
1866,mkot
1867,kxx
1868,AndrewShmig
